id,name,country_id,auto_apply
py_fiscal_position_compras_no_gravadas_exentas,Compras - destinadas a generar operaciones no gravadas o exentas,,False
py_fiscal_position_compras_fuera_plazo,Compras - Facturas de proveedores registrados fuera de plazo,,False
py_fiscal_position_compras_gastos_rechazados,Compras - Gastos rechazados,,False
py_fiscal_position_compras_entregas_gratuitas,"Compras - Entregas gratuitas (premios, bonificaciones, etc.) recibidos",,False
py_fiscal_position_compras_otros,Compras - Otros,,False
py_fiscal_position_compras_activo_fijo,Compras - Activo Fijo,,False
py_fiscal_position_compras_exentas,Compras - Exentas,,False
py_fiscal_position_compras_supermercado,Compras - Supermercado,,False
py_fiscal_position_ventas_exentas,Ventas - Exentas,,False
